<?xml version="1.0" ?>
<manifest identifier="RusticiSoftwareSCORMDriverTemplate" version="1"
       xmlns="http://www.imsproject.org/xsd/imscp_rootv1p1p2"
       xmlns:adlcp="http://www.adlnet.org/xsd/adlcp_rootv1p2"
       xmlns:xsi="http://www.w3.org/2001/XMLSchema-instance"
       xsi:schemaLocation="http://www.imsproject.org/xsd/imscp_rootv1p1p2 imscp_rootv1p1p2.xsd
                           http://www.imsglobal.org/xsd/imsmd_rootv1p2p1 imsmd_rootv1p2p1.xsd
                           http://www.adlnet.org/xsd/adlcp_rootv1p2 adlcp_rootv1p2.xsd">
	<metadata>
		<schema>ADL SCORM</schema>
		<schemaversion>1.2</schemaversion>
		<adlcp:location>metadata.xml</adlcp:location>
	</metadata>
	<organizations default="CURSO_01">
		<organization identifier="CURSO_01">
			<title>Segurança da Informação</title>
			<item identifier="ITEM_01" identifierref="RES_01" isvisible="true">
				<title>Segurança da Informação</title>
			</item>
		</organization>
	</organizations>
	<resources>
		<resource identifier="RES_01" type="webcontent" adlcp:scormtype="sco" href="index.html">
			<file href="biblioteca/css/estilos.css" />
			<file href="biblioteca/js/SCORM_API_wrapper.js" />
		</resource>
	</resources>
</manifest>
